-- MySQL Script generated by MySQL Workbench
-- Срд 13 мая 2020 20:49:56
-- Model: New Model    Version: 1.0
-- MySQL Workbench Forward Engineering

SET @OLD_UNIQUE_CHECKS=@@UNIQUE_CHECKS, UNIQUE_CHECKS=0;
SET @OLD_FOREIGN_KEY_CHECKS=@@FOREIGN_KEY_CHECKS, FOREIGN_KEY_CHECKS=0;
SET @OLD_SQL_MODE=@@SQL_MODE, SQL_MODE='ONLY_FULL_GROUP_BY,STRICT_TRANS_TABLES,NO_ZERO_IN_DATE,NO_ZERO_DATE,ERROR_FOR_DIVISION_BY_ZERO,NO_ENGINE_SUBSTITUTION';

-- -----------------------------------------------------
-- Schema twittaria
-- -----------------------------------------------------
DROP SCHEMA IF EXISTS `twittaria` ;

-- -----------------------------------------------------
-- Schema twittaria
-- -----------------------------------------------------
CREATE SCHEMA IF NOT EXISTS `twittaria` ;
SHOW WARNINGS;
USE `twittaria` ;

-- -----------------------------------------------------
-- Table `LIKES`
-- -----------------------------------------------------
DROP TABLE IF EXISTS `LIKES` ;

SHOW WARNINGS;
CREATE TABLE IF NOT EXISTS `LIKES` (
  `LIKES_ID` INT NOT NULL AUTO_INCREMENT,
  `USER_ID` INT NULL,
  `POST_ID` INT NULL,
  PRIMARY KEY (`LIKES_ID`))
ENGINE = InnoDB;

SHOW WARNINGS;
CREATE UNIQUE INDEX `LIKES_ID_UNIQUE` ON `LIKES` (`LIKES_ID` ASC) VISIBLE;

SHOW WARNINGS;

-- -----------------------------------------------------
-- Table `POST`
-- -----------------------------------------------------
DROP TABLE IF EXISTS `POST` ;

SHOW WARNINGS;
CREATE TABLE IF NOT EXISTS `POST` (
  `POST_ID` INT NOT NULL DEFAULT 0,
  `USER_ID` VARCHAR(45) NOT NULL,
  `DESCRIPTION` TEXT(140) NOT NULL,
  `CREATED_AT` DATE NOT NULL,
  `PHOTO_LINK` VARCHAR(45) NULL,
  PRIMARY KEY (`POST_ID`))
ENGINE = InnoDB;

SHOW WARNINGS;
CREATE UNIQUE INDEX `POST_ID_UNIQUE` ON `POST` (`POST_ID` ASC) VISIBLE;

SHOW WARNINGS;
CREATE UNIQUE INDEX `USER_ID_UNIQUE` ON `POST` (`USER_ID` ASC) VISIBLE;

SHOW WARNINGS;

-- -----------------------------------------------------
-- Table `POSTS_TAGS`
-- -----------------------------------------------------
DROP TABLE IF EXISTS `POSTS_TAGS` ;

SHOW WARNINGS;
CREATE TABLE IF NOT EXISTS `POSTS_TAGS` (
  `POSTS_TAGS_ID` INT NOT NULL AUTO_INCREMENT,
  `POST_ID` INT NOT NULL,
  `TAG_ID` INT NOT NULL,
  PRIMARY KEY (`POSTS_TAGS_ID`))
ENGINE = InnoDB;

SHOW WARNINGS;
CREATE UNIQUE INDEX `TAGS_ID_UNIQUE` ON `POSTS_TAGS` (`POSTS_TAGS_ID` ASC) VISIBLE;

SHOW WARNINGS;

-- -----------------------------------------------------
-- Table `TAGS_LIST`
-- -----------------------------------------------------
DROP TABLE IF EXISTS `TAGS_LIST` ;

SHOW WARNINGS;
CREATE TABLE IF NOT EXISTS `TAGS_LIST` (
  `TAG_ID` INT NOT NULL,
  `CONTENT` VARCHAR(20) NOT NULL,
  PRIMARY KEY (`TAG_ID`))
ENGINE = InnoDB;

SHOW WARNINGS;
CREATE UNIQUE INDEX `TAG_ID_UNIQUE` ON `TAGS_LIST` (`TAG_ID` ASC) VISIBLE;

SHOW WARNINGS;
CREATE UNIQUE INDEX `CONTENT_UNIQUE` ON `TAGS_LIST` (`CONTENT` ASC) VISIBLE;

SHOW WARNINGS;

-- -----------------------------------------------------
-- Table `USER`
-- -----------------------------------------------------
DROP TABLE IF EXISTS `USER` ;

SHOW WARNINGS;
CREATE TABLE IF NOT EXISTS `USER` (
  `USER_ID` INT NOT NULL AUTO_INCREMENT,
  `NAME` VARCHAR(45) NOT NULL,
  PRIMARY KEY (`USER_ID`))
ENGINE = InnoDB;

SHOW WARNINGS;
CREATE UNIQUE INDEX `USER_ID_UNIQUE` ON `USER` (`USER_ID` ASC) VISIBLE;

SHOW WARNINGS;
CREATE UNIQUE INDEX `NAME_UNIQUE` ON `USER` (`NAME` ASC) VISIBLE;

SHOW WARNINGS;

SET SQL_MODE=@OLD_SQL_MODE;
SET FOREIGN_KEY_CHECKS=@OLD_FOREIGN_KEY_CHECKS;
SET UNIQUE_CHECKS=@OLD_UNIQUE_CHECKS;

-- -----------------------------------------------------
-- Data for table `LIKES`
-- -----------------------------------------------------
START TRANSACTION;
USE `twittaria`;
INSERT INTO `LIKES` (`LIKES_ID`, `USER_ID`, `POST_ID`) VALUES (0, 1, 1);
INSERT INTO `LIKES` (`LIKES_ID`, `USER_ID`, `POST_ID`) VALUES (1, 1, 2);
INSERT INTO `LIKES` (`LIKES_ID`, `USER_ID`, `POST_ID`) VALUES (2, 1, 3);
INSERT INTO `LIKES` (`LIKES_ID`, `USER_ID`, `POST_ID`) VALUES (3, 1, 4);
INSERT INTO `LIKES` (`LIKES_ID`, `USER_ID`, `POST_ID`) VALUES (4, 1, 5);
INSERT INTO `LIKES` (`LIKES_ID`, `USER_ID`, `POST_ID`) VALUES (5, 1, 6);
INSERT INTO `LIKES` (`LIKES_ID`, `USER_ID`, `POST_ID`) VALUES (6, 1, 7);
INSERT INTO `LIKES` (`LIKES_ID`, `USER_ID`, `POST_ID`) VALUES (7, 1, 8);
INSERT INTO `LIKES` (`LIKES_ID`, `USER_ID`, `POST_ID`) VALUES (8, 1, 9);
INSERT INTO `LIKES` (`LIKES_ID`, `USER_ID`, `POST_ID`) VALUES (9, 1, 10);

COMMIT;


-- -----------------------------------------------------
-- Data for table `POST`
-- -----------------------------------------------------
START TRANSACTION;
USE `twittaria`;
INSERT INTO `POST` (`POST_ID`, `USER_ID`, `DESCRIPTION`, `CREATED_AT`, `PHOTO_LINK`) VALUES (0, '1', 'хэппи бёрздэй ту ми', '2019-09-24T00:40:17', 'users/mariakolyachko/photo.jpg');
INSERT INTO `POST` (`POST_ID`, `USER_ID`, `DESCRIPTION`, `CREATED_AT`, `PHOTO_LINK`) VALUES (1, '1', 'самое время вспомнить про твиттер, нужно же понять, что нам нужно писать на уп', '2020-03-02T19:38:01', 'users/mariakolyachko/photo.jpg');
INSERT INTO `POST` (`POST_ID`, `USER_ID`, `DESCRIPTION`, `CREATED_AT`, `PHOTO_LINK`) VALUES (2, '2', 'Считаю определители методом Лагранжа!\\nПотому что могу себе позволить!', '2020-02-29T23:02:07', 'users/veronikchaa/photo.jpg');
INSERT INTO `POST` (`POST_ID`, `USER_ID`, `DESCRIPTION`, `CREATED_AT`, `PHOTO_LINK`) VALUES (3, '3', 'Это всё сахарок', '2020-02-23T00:00:00', 'users/ar_kud/photo.jpg');
INSERT INTO `POST` (`POST_ID`, `USER_ID`, `DESCRIPTION`, `CREATED_AT`, `PHOTO_LINK`) VALUES (4, '5', 'Нет, я не злой председ, я просто котик :)', '2020-02-19T15:08:23', 'users/sstrazdina/photo.jpg');
INSERT INTO `POST` (`POST_ID`, `USER_ID`, `DESCRIPTION`, `CREATED_AT`, `PHOTO_LINK`) VALUES (5, '4', 'хочу уже танцевать под безумие на афтере мисс', '2020-02-13T23:48:11', 'users/polina_volchetskaya/photo.jpg');
INSERT INTO `POST` (`POST_ID`, `USER_ID`, `DESCRIPTION`, `CREATED_AT`, `PHOTO_LINK`) VALUES (6, '7', 'я тебя конечно тоже люблю, но валяюсь с простудой)', '2020-01-22T13:24:24', 'users/pavel.tyl/photo.jpg');
INSERT INTO `POST` (`POST_ID`, `USER_ID`, `DESCRIPTION`, `CREATED_AT`, `PHOTO_LINK`) VALUES (7, '1', '-Вероника, хочешь апельсин?\\n-Я хочу умереть :(', '2020-01-20T04:01:07', 'users/mariakolyachko/photo.jpg');
INSERT INTO `POST` (`POST_ID`, `USER_ID`, `DESCRIPTION`, `CREATED_AT`, `PHOTO_LINK`) VALUES (8, '9', ' — Слова — это имущество общественное, поэтому их у вас и недолжно быть. Вы можете только брать их из общей кучки и использовать по назначению. Желательно по делу. Иначе от них нет никакого толка.\\nЛавка Времени', '2020-01-19T13:45:01', 'users/al_taraikovich/photo.jpg');
INSERT INTO `POST` (`POST_ID`, `USER_ID`, `DESCRIPTION`, `CREATED_AT`, `PHOTO_LINK`) VALUES (9, '8', 'Мне вчера такие психоделические сны снились, вы даже не представляете.', '2020-01-10T19:38:01', 'users/kupajj_oleg_/photo.jpg');
INSERT INTO `POST` (`POST_ID`, `USER_ID`, `DESCRIPTION`, `CREATED_AT`, `PHOTO_LINK`) VALUES (10, '10', 'позвали в жюри, безумно этому рад!', '2020-01-02T19:38:01', 'users/vitonka/photo.jpg');

COMMIT;


-- -----------------------------------------------------
-- Data for table `POSTS_TAGS`
-- -----------------------------------------------------
START TRANSACTION;
USE `twittaria`;
INSERT INTO `POSTS_TAGS` (`POSTS_TAGS_ID`, `POST_ID`, `TAG_ID`) VALUES (0, 1, 0);
INSERT INTO `POSTS_TAGS` (`POSTS_TAGS_ID`, `POST_ID`, `TAG_ID`) VALUES (1, 1, 1);
INSERT INTO `POSTS_TAGS` (`POSTS_TAGS_ID`, `POST_ID`, `TAG_ID`) VALUES (2, 1, 2);
INSERT INTO `POSTS_TAGS` (`POSTS_TAGS_ID`, `POST_ID`, `TAG_ID`) VALUES (3, 2, 5);
INSERT INTO `POSTS_TAGS` (`POSTS_TAGS_ID`, `POST_ID`, `TAG_ID`) VALUES (4, 2, 6);
INSERT INTO `POSTS_TAGS` (`POSTS_TAGS_ID`, `POST_ID`, `TAG_ID`) VALUES (5, 2, 2);
INSERT INTO `POSTS_TAGS` (`POSTS_TAGS_ID`, `POST_ID`, `TAG_ID`) VALUES (6, 3, 3);
INSERT INTO `POSTS_TAGS` (`POSTS_TAGS_ID`, `POST_ID`, `TAG_ID`) VALUES (7, 3, 4);
INSERT INTO `POSTS_TAGS` (`POSTS_TAGS_ID`, `POST_ID`, `TAG_ID`) VALUES (8, 3, 7);
INSERT INTO `POSTS_TAGS` (`POSTS_TAGS_ID`, `POST_ID`, `TAG_ID`) VALUES (9, 5, 8);

COMMIT;


-- -----------------------------------------------------
-- Data for table `TAGS_LIST`
-- -----------------------------------------------------
START TRANSACTION;
USE `twittaria`;
INSERT INTO `TAGS_LIST` (`TAG_ID`, `CONTENT`) VALUES (0, 'bsu');
INSERT INTO `TAGS_LIST` (`TAG_ID`, `CONTENT`) VALUES (1, 'is');
INSERT INTO `TAGS_LIST` (`TAG_ID`, `CONTENT`) VALUES (2, 'love');
INSERT INTO `TAGS_LIST` (`TAG_ID`, `CONTENT`) VALUES (3, 'sugar');
INSERT INTO `TAGS_LIST` (`TAG_ID`, `CONTENT`) VALUES (4, 'ugar');
INSERT INTO `TAGS_LIST` (`TAG_ID`, `CONTENT`) VALUES (5, 'det');
INSERT INTO `TAGS_LIST` (`TAG_ID`, `CONTENT`) VALUES (6, 'matrix');
INSERT INTO `TAGS_LIST` (`TAG_ID`, `CONTENT`) VALUES (7, 'notтоксик');
INSERT INTO `TAGS_LIST` (`TAG_ID`, `CONTENT`) VALUES (8, 'afterparty');
INSERT INTO `TAGS_LIST` (`TAG_ID`, `CONTENT`) VALUES (9, 'miss2020');
INSERT INTO `TAGS_LIST` (`TAG_ID`, `CONTENT`) VALUES (10, 'dance');
INSERT INTO `TAGS_LIST` (`TAG_ID`, `CONTENT`) VALUES (11, 'harassment');
INSERT INTO `TAGS_LIST` (`TAG_ID`, `CONTENT`) VALUES (12, 'flu');
INSERT INTO `TAGS_LIST` (`TAG_ID`, `CONTENT`) VALUES (13, 'death');
INSERT INTO `TAGS_LIST` (`TAG_ID`, `CONTENT`) VALUES (14, 'obschaga');
INSERT INTO `TAGS_LIST` (`TAG_ID`, `CONTENT`) VALUES (15, 'words');
INSERT INTO `TAGS_LIST` (`TAG_ID`, `CONTENT`) VALUES (16, 'time');
INSERT INTO `TAGS_LIST` (`TAG_ID`, `CONTENT`) VALUES (17, 'dream');
INSERT INTO `TAGS_LIST` (`TAG_ID`, `CONTENT`) VALUES (18, 'team');
INSERT INTO `TAGS_LIST` (`TAG_ID`, `CONTENT`) VALUES (19, 'dresses');
INSERT INTO `TAGS_LIST` (`TAG_ID`, `CONTENT`) VALUES (20, 'girls');

COMMIT;


-- -----------------------------------------------------
-- Data for table `USER`
-- -----------------------------------------------------
START TRANSACTION;
USE `twittaria`;
INSERT INTO `USER` (`USER_ID`, `NAME`) VALUES (1, 'mariakolyachko');
INSERT INTO `USER` (`USER_ID`, `NAME`) VALUES (2, 'veronikchaa');
INSERT INTO `USER` (`USER_ID`, `NAME`) VALUES (3, 'ar_kud');
INSERT INTO `USER` (`USER_ID`, `NAME`) VALUES (4, 'polina_volchetskaya');
INSERT INTO `USER` (`USER_ID`, `NAME`) VALUES (5, 'sstrazdina');
INSERT INTO `USER` (`USER_ID`, `NAME`) VALUES (6, 'vertiakol');
INSERT INTO `USER` (`USER_ID`, `NAME`) VALUES (7, 'pavel.tyl');
INSERT INTO `USER` (`USER_ID`, `NAME`) VALUES (8, 'kupajj_oleg_');
INSERT INTO `USER` (`USER_ID`, `NAME`) VALUES (9, 'al_taraikovich');
INSERT INTO `USER` (`USER_ID`, `NAME`) VALUES (10, 'vitonka');

COMMIT;

